,msla,msla (orig),trend,msla (detrend)
1948-01-31,,,-33.887092583837784,
1948-02-29,,,-33.83732184718892,
1948-03-31,,,-33.78755111054005,
1948-04-30,-4.927272727272737,2.5,-33.737780373891184,28.810507646618447
1948-05-31,-6.263636363636351,3.5,-33.68800963724232,27.424373273605966
1948-06-30,-6.449999999999989,1.8,-33.63823890059345,27.18823890059346
1948-07-31,-12.829999999999998,-5.0,-33.58846816394458,20.758468163944585
1948-08-31,-6.818181818181813,0.5,-33.538697427295716,26.720515609113903
1948-09-30,,,-33.488926690646856,
1948-10-31,-20.266666666666666,-14.3,-33.43915595399799,13.172489287331324
1948-11-30,,,-33.38938521734912,
1948-12-31,,,-33.339614480700256,
1949-01-31,-15.019999999999996,-7.1,-33.28984374405139,18.269843744051393
1949-02-28,-13.174999999999997,-6.1,-33.24007300740252,20.065073007402525
1949-03-31,-13.554545454545462,-6.1,-33.190302270753655,19.635756816208193
1949-04-30,-13.327272727272742,-5.9,-33.14053153410479,19.813258806832046
1949-05-31,-16.063636363636363,-6.3,-33.09076079745592,17.02712443381956
1949-06-30,-12.84999999999998,-4.6,-33.04099006080706,20.19099006080708
1949-07-31,-11.529999999999987,-3.7,-32.991219324158195,21.461219324158208
1949-08-31,-7.018181818181802,0.3,-32.94144858750933,25.923266769327526
1949-09-30,-3.027272727272745,3.2,-32.89167785086046,29.864405123587716
1949-10-31,-4.966666666666669,1.0,-32.841907114211594,27.875240447544925
1949-11-30,-9.518181818181816,-1.9,-32.79213637756273,23.27395455938091
1949-12-31,0.9583333333333144,7.4,-32.74236564091386,33.700698974247175
1950-01-31,2.480000000000004,10.4,-32.69259490426499,35.172594904265
1950-02-28,1.8250000000000028,8.9,-32.642824167616126,34.46782416761613
1950-03-31,1.2454545454545354,8.7,-32.59305343096726,33.838507976421795
1950-04-30,-0.8272727272727423,6.6,-32.54328269431839,31.71600996704565
1950-05-31,-3.0636363636363626,6.7,-32.493511957669526,29.429875594033163
1950-06-30,-8.649999999999991,-0.4,-32.44374122102066,23.793741221020667
1950-07-31,-10.829999999999998,-3.0,-32.39397048437179,21.563970484371794
1950-08-31,-16.5181818181818,-9.2,-32.344199747722925,15.826017929541123
1950-09-30,-14.62727272727274,-8.4,-32.29442901107406,17.66715628380132
1950-10-31,-17.266666666666666,-11.3,-32.24465827442519,14.977991607758526
1950-11-30,-15.218181818181819,-7.6,-32.194887537776324,16.976705719594506
1950-12-31,-15.741666666666688,-9.3,-32.14511680112746,16.40345013446077
1951-01-31,-19.519999999999996,-11.6,-32.09534606447859,12.575346064478595
1951-02-28,-20.474999999999994,-13.4,-32.045575327829724,11.57057532782973
1951-03-31,-14.954545454545467,-7.5,-31.99580459118086,17.041259136635393
1951-04-30,-11.827272727272742,-4.4,-31.946033854531994,20.11876112725925
1951-05-31,-12.463636363636354,-2.7,-31.896263117883127,19.432626754246773
1951-06-30,-12.049999999999983,-3.8,-31.84649238123426,19.796492381234277
1951-07-31,-14.429999999999993,-6.6,-31.796721644585393,17.3667216445854
1951-08-31,-12.018181818181802,-4.7,-31.746950907936526,19.728769089754724
1951-09-30,-10.62727272727274,-4.4,-31.69718017128766,21.06990744401492
1951-10-31,-9.666666666666671,-3.7,-31.647409434638792,21.98074276797212
1951-11-30,-12.61818181818181,-5.0,-31.59763869798993,18.97945687980812
1951-12-31,-13.441666666666691,-7.0,-31.547867961341062,18.10620129467437
1952-01-31,-10.420000000000002,-2.5,-31.498097224692195,21.078097224692193
1952-02-29,-9.274999999999991,-2.2,-31.448326488043328,22.173326488043337
1952-03-31,-7.054545454545462,0.4,-31.39855575139446,24.344010296849
1952-04-30,-9.927272727272737,-2.5,-31.348785014745594,21.421512287472858
1952-05-31,-14.86363636363636,-5.1,-31.299014278096728,16.435377914460368
1952-06-30,-13.149999999999991,-4.9,-31.24924354144786,18.09924354144787
1952-07-31,-14.72999999999999,-6.9,-31.199472804798994,16.469472804799004
1952-08-31,-11.018181818181802,-3.7,-31.14970206815013,20.13152024996833
1952-09-30,-14.92727272727275,-8.7,-31.099931331501264,16.172658604228513
1952-10-31,-8.666666666666671,-2.7,-31.050160594852397,22.383493928185725
1952-11-30,-8.018181818181816,-0.4,-31.00038985820353,22.982208040021714
1952-12-31,-8.541666666666686,-2.1,-30.950619121554663,22.408952454887977
1953-01-31,-8.620000000000005,-0.7,-30.900848384905796,22.28084838490579
1953-02-28,-6.474999999999994,0.6,-30.85107764825693,24.376077648256935
1953-03-31,-6.854545454545459,0.6,-30.801306911608062,23.946761457062603
1953-04-30,-6.827272727272742,0.6,-30.751536174959195,23.924263447686453
1953-05-31,-11.86363636363636,-2.1,-30.701765438310332,18.838129074673972
1953-06-30,-7.749999999999986,0.5,-30.651994701661465,22.90199470166148
1953-07-31,-5.029999999999987,2.8,-30.6022239650126,25.57222396501261
1953-08-31,,,-30.55245322836373,
1953-09-30,-4.227272727272748,2.0,-30.502682491714864,26.275409764442117
1953-10-31,-3.2666666666666657,2.7,-30.452911755065998,27.186245088399332
1953-11-30,1.8818181818181898,9.5,-30.40314101841713,32.28495920023532
1953-12-31,-0.3416666666666828,6.1,-30.353370281768264,30.01170361510158
1954-01-31,-2.019999999999996,5.9,-30.303599545119397,28.2835995451194
1954-02-28,2.2250000000000085,9.3,-30.25382880847053,32.47882880847054
1954-03-31,0.24545454545453538,7.7,-30.204058071821663,30.4495126172762
1954-04-30,1.6727272727272577,9.1,-30.154287335172796,31.827014607900054
1954-05-31,-7.36363636363636,2.4,-30.10451659852393,22.74088023488757
1954-06-30,-8.649999999999991,-0.4,-30.054745861875062,21.40474586187507
1954-07-31,-13.129999999999995,-5.3,-30.004975125226196,16.8749751252262
1954-08-31,-9.818181818181813,-2.5,-29.955204388577336,20.137022570395523
1954-09-30,-12.027272727272745,-5.8,-29.90543365192847,17.878160924655724
1954-10-31,-12.366666666666674,-6.4,-29.855662915279602,17.488996248612928
1954-11-30,-11.818181818181813,-4.2,-29.805892178630735,17.987710360448922
1954-12-31,-11.741666666666688,-5.3,-29.75612144198187,18.01445477531518
1955-01-31,-15.819999999999993,-7.9,-29.706350705333,13.886350705333008
1955-02-28,-7.074999999999989,0.0,-29.656579968684134,22.581579968684146
1955-03-31,-8.754545454545465,-1.3,-29.606809232035268,20.852263777489803
1955-04-30,-10.327272727272742,-2.9,-29.5570384953864,19.22976576811366
1955-05-31,-13.36363636363636,-3.6,-29.507267758737534,16.143631395101174
1955-06-30,-14.949999999999989,-6.7,-29.457497022088667,14.507497022088678
1955-07-31,-15.22999999999999,-7.4,-29.4077262854398,14.17772628543981
1955-08-31,-12.318181818181813,-5.0,-29.357955548790933,17.03977373060912
1955-09-30,-7.627272727272739,-1.4,-29.308184812142066,21.680912084869327
1955-10-31,-10.766666666666666,-4.8,-29.2584140754932,18.491747408826534
1955-11-30,-8.018181818181816,-0.4,-29.208643338844333,21.190461520662517
1955-12-31,-6.841666666666683,-0.4,-29.158872602195466,22.317205935528783
1956-01-31,-6.319999999999993,1.6,-29.1091018655466,22.789101865546606
1956-02-29,-4.2749999999999915,2.8,-29.059331128897732,24.78433112889774
1956-03-31,-6.9545454545454675,0.5,-29.009560392248872,22.055014937703405
1956-04-30,-5.827272727272742,1.6,-28.959789655600005,23.132516928327263
1956-05-31,-11.563636363636363,-1.8,-28.91001891895114,17.346382555314776
1956-06-30,-17.249999999999986,-9.0,-28.86024818230227,11.610248182302286
1956-07-31,-20.629999999999995,-12.8,-28.810477445653405,8.180477445653409
1956-08-31,-18.418181818181807,-11.1,-28.760706709004538,10.34252489082273
1956-09-30,-21.12727272727274,-14.9,-28.71093597235567,7.583663245082931
1956-10-31,-19.46666666666667,-13.5,-28.661165235706804,9.194498569040135
1956-11-30,-16.41818181818182,-8.8,-28.611394499057937,12.193212680876115
1956-12-31,-14.841666666666683,-8.4,-28.56162376240907,13.719957095742387
1957-01-31,-8.019999999999996,-0.1,-28.511853025760203,20.491853025760207
1957-02-28,-5.974999999999994,1.1,-28.462082289111336,22.487082289111342
1957-03-31,-8.354545454545459,-0.9,-28.41231155246247,20.05776609791701
1957-04-30,-9.827272727272742,-2.4,-28.362540815813603,18.53526808854086
1957-05-31,-16.86363636363636,-7.1,-28.312770079164736,11.449133715528376
1957-06-30,-16.249999999999986,-8.0,-28.26299934251587,12.012999342515883
1957-07-31,-11.129999999999995,-3.3,-28.213228605867002,17.083228605867006
1957-08-31,-9.61818181818181,-2.3,-28.163457869218135,18.545276051036325
1957-09-30,-7.427272727272751,-1.2,-28.113687132569268,20.686414405296517
1957-10-31,-7.466666666666669,-1.5,-28.06391639592041,20.59724972925374
1957-11-30,-10.818181818181813,-3.2,-28.01414565927154,17.19596384108973
1957-12-31,-13.14166666666668,-6.7,-27.964374922622675,14.822708255955995
1958-01-31,-17.319999999999993,-9.4,-27.914604185973808,10.594604185973814
1958-02-28,-15.774999999999991,-8.7,-27.86483344932494,12.08983344932495
1958-03-31,-19.554545454545462,-12.1,-27.815062712676074,8.260517258130612
1958-04-30,-18.927272727272737,-11.5,-27.765291976027207,8.83801924875447
1958-05-31,-22.663636363636357,-12.9,-27.71552123937834,5.051884875741983
1958-06-30,-24.64999999999999,-16.4,-27.665750502729473,3.0157505027294818
1958-07-31,-18.929999999999993,-11.1,-27.615979766080606,8.685979766080614
1958-08-31,-12.918181818181807,-5.6,-27.56620902943174,14.648027211249932
1958-09-30,-16.727272727272748,-10.5,-27.516438292782873,10.789165565510125
1958-10-31,-15.566666666666677,-9.6,-27.466667556134006,11.900000889467329
1958-11-30,-15.918181818181822,-8.3,-27.41689681948514,11.498715001303317
1958-12-31,-23.341666666666683,-16.9,-27.367126082836272,4.025459416169589
1959-01-31,-29.82,-21.9,-27.317355346187405,-2.5026446538125953
1959-02-28,-20.57499999999999,-13.5,-27.267584609538538,6.6925846095385495
1959-03-31,-18.254545454545465,-10.8,-27.21781387288967,8.963268418344207
1959-04-30,-12.12727272727274,-4.7,-27.168043136240804,15.040770408968065
1959-05-31,-13.963636363636354,-4.2,-27.118272399591945,13.15463603595559
1959-06-30,-13.549999999999983,-5.3,-27.068501662943078,13.518501662943095
1959-07-31,-11.829999999999998,-4.0,-27.01873092629421,15.188730926294213
1959-08-31,-11.018181818181802,-3.7,-26.968960189645344,15.950778371463542
1959-09-30,-6.827272727272742,-0.6,-26.919189452996477,20.091916725723735
1959-10-31,-8.566666666666677,-2.6,-26.86941871634761,18.302752049680933
1959-11-30,-12.11818181818181,-4.5,-26.819647979698743,14.701466161516933
1959-12-31,-12.841666666666683,-6.4,-26.769877243049876,13.928210576383194
1960-01-31,-15.920000000000002,-8.0,-26.72010650640101,10.800106506401008
1960-02-29,-10.074999999999989,-3.0,-26.670335769752143,16.595335769752154
1960-03-31,-14.054545454545462,-6.6,-26.620565033103276,12.566019578557814
1960-04-30,-10.12727272727274,-2.7,-26.57079429645441,16.44352156918167
1960-05-31,-12.463636363636354,-2.7,-26.521023559805542,14.057387196169188
1960-06-30,-10.749999999999986,-2.5,-26.471252823156675,15.72125282315669
1960-07-31,-14.029999999999987,-6.2,-26.421482086507808,12.391482086507821
1960-08-31,-11.318181818181813,-4.0,-26.37171134985894,15.053529531677128
1960-09-30,-14.827272727272742,-8.6,-26.321940613210074,11.494667885937332
1960-10-31,-11.066666666666677,-5.1,-26.272169876561208,15.20550320989453
1960-11-30,-9.718181818181819,-2.1,-26.22239913991234,16.504217321730522
1960-12-31,-12.441666666666691,-6.0,-26.17262840326348,13.73096173659679
1961-01-31,-13.019999999999996,-5.1,-26.122857666614614,13.102857666614618
1961-02-28,-11.374999999999986,-4.3,-26.073086929965747,14.698086929965761
1961-03-31,-8.354545454545459,-0.9,-26.02331619331688,17.66877073877142
1961-04-30,-11.527272727272731,-4.1,-25.973545456668013,14.446272729395282
1961-05-31,-10.263636363636351,-0.5,-25.923774720019146,15.660138356382795
1961-06-30,-6.84999999999998,1.4,-25.87400398337028,19.0240039833703
1961-07-31,-9.829999999999998,-2.0,-25.824233246721413,15.994233246721414
1961-08-31,-13.218181818181804,-5.9,-25.774462510072546,12.556280691890741
1961-09-30,-7.627272727272739,-1.4,-25.72469177342368,18.09741904615094
1961-10-31,-6.266666666666666,-0.3,-25.674921036774812,19.408254370108146
1961-11-30,-10.418181818181822,-2.8,-25.625150300125945,15.206968481944124
1961-12-31,-9.14166666666668,-2.7,-25.575379563477078,16.4337128968104
1962-01-31,-3.719999999999999,4.2,-25.52560882682821,21.805608826828212
1962-02-28,-7.474999999999994,-0.4,-25.475838090179344,18.00083809017935
1962-03-31,-5.4545454545454675,2.0,-25.426067353530478,19.97152189898501
1962-04-30,-0.22727272727273373,7.2,-25.37629661688161,25.149023889608877
1962-05-31,-5.263636363636351,4.5,-25.326525880232744,20.062889516596393
1962-06-30,-10.84999999999998,-2.6,-25.276755143583877,14.426755143583897
1962-07-31,-15.72999999999999,-7.9,-25.226984406935017,9.496984406935027
1962-08-31,-12.61818181818181,-5.3,-25.17721367028615,12.55903185210434
1962-09-30,-14.827272727272742,-8.6,-25.127442933637283,10.300170206364541
1962-10-31,-12.066666666666677,-6.1,-25.077672196988416,13.01100553032174
1962-11-30,-10.218181818181819,-2.6,-25.02790146033955,14.80971964215773
1962-12-31,-9.541666666666686,-3.1,-24.978130723690683,15.436464057023997
1963-01-31,-9.420000000000002,-1.5,-24.928359987041816,15.508359987041814
1963-02-28,-12.974999999999994,-5.9,-24.87858925039295,11.903589250392955
1963-03-31,-2.7545454545454646,4.7,-24.828818513744082,22.074273059198617
1963-04-30,-2.3272727272727423,5.1,-24.779047777095215,22.451775049822473
1963-05-31,-7.463636363636354,2.3,-24.72927704044635,17.265640676809994
1963-06-30,-13.649999999999991,-5.4,-24.67950630379748,11.02950630379749
1963-07-31,-22.529999999999987,-14.7,-24.629735567148614,2.0997355671486275
1963-08-31,-18.718181818181804,-11.4,-24.579964830499748,5.861783012317943
1963-09-30,-14.727272727272748,-8.5,-24.53019409385088,9.802921366578133
1963-10-31,-22.566666666666677,-16.6,-24.480423357202014,1.9137566905353367
1963-11-30,-21.018181818181816,-13.4,-24.430652620553147,3.412470802371331
1963-12-31,-23.041666666666686,-16.6,-24.38088188390428,1.3392152172375944
1964-01-31,-17.22,-9.3,-24.331111147255413,7.111111147255414
1964-02-29,-14.874999999999986,-7.8,-24.281340410606553,9.406340410606568
1964-03-31,-17.254545454545465,-9.8,-24.231569673957686,6.977024219412222
1964-04-30,-16.927272727272737,-9.5,-24.18179893730882,7.254526210036083
1964-05-31,-17.86363636363636,-8.1,-24.132028200659953,6.268391837023593
1964-06-30,,,-24.082257464011086,
1964-07-31,-12.829999999999998,-5.0,-24.03248672736222,11.20248672736222
1964-08-31,-12.018181818181802,-4.7,-23.982715990713352,11.96453417253155
1964-09-30,,,-23.932945254064485,
1964-10-31,-14.466666666666669,-8.5,-23.88317451741562,9.41650785074895
1964-11-30,,,-23.83340378076675,
1964-12-31,-9.541666666666686,-3.1,-23.783633044117884,14.241966377451199
1965-01-31,,,-23.733862307469018,
1965-02-28,-3.674999999999997,3.4,-23.68409157082015,20.009091570820154
1965-03-31,-8.454545454545467,-1.0,-23.634320834171284,15.179775379625816
1965-04-30,,,-23.584550097522417,
1965-05-31,-15.063636363636363,-5.3,-23.53477936087355,8.471142997237187
1965-06-30,-17.749999999999986,-9.5,-23.485008624224683,5.735008624224697
1965-07-31,-13.029999999999987,-5.2,-23.435237887575816,10.40523788757583
1965-08-31,-10.918181818181807,-3.6,-23.385467150926956,12.46728533274515
1965-09-30,-9.92727272727275,-3.7,-23.33569641427809,13.408423687005339
1965-10-31,-13.066666666666677,-7.1,-23.285925677629223,10.219259010962546
1965-11-30,-17.41818181818182,-9.8,-23.236154940980356,5.817973122798534
1965-12-31,-16.341666666666683,-9.9,-23.18638420433149,6.844717537664806
1966-01-31,-16.22,-8.3,-23.136613467682622,6.916613467682623
1966-02-28,-14.474999999999994,-7.4,-23.086842731033755,8.61184273103376
1966-03-31,-15.254545454545465,-7.8,-23.03707199438489,7.782526539839424
1966-04-30,-15.927272727272737,-8.5,-22.98730125773602,7.060028530463285
1966-05-31,-15.763636363636351,-6.0,-22.937530521087155,7.173894157450803
1966-06-30,-16.049999999999983,-7.8,-22.887759784438288,6.837759784438305
1966-07-31,-16.129999999999995,-8.3,-22.83798904778942,6.707989047789425
1966-08-31,-13.518181818181802,-6.2,-22.788218311140554,9.270036492958752
1966-09-30,-8.527272727272745,-2.3,-22.738447574491687,14.211174847218942
1966-10-31,-6.766666666666666,-0.8,-22.68867683784282,15.922010171176154
1966-11-30,-14.918181818181822,-7.3,-22.638906101193953,7.720724283012132
1966-12-31,-11.741666666666688,-5.3,-22.589135364545086,10.847468697878398
1967-01-31,-15.319999999999993,-7.4,-22.53936462789622,7.219364627896226
1967-02-28,-16.57499999999999,-9.5,-22.489593891247353,5.914593891247364
1967-03-31,-19.054545454545462,-11.6,-22.439823154598493,3.385277700053031
1967-04-30,-19.02727272727273,-11.6,-22.390052417949626,3.362779690676895
1967-05-31,-21.163636363636357,-11.4,-22.34028168130076,1.176645317664402
1967-06-30,-24.44999999999999,-16.2,-22.290510944651892,-2.1594890553480965
1967-07-31,-20.429999999999993,-12.6,-22.240740208003025,1.8107402080030326
1967-08-31,-20.61818181818181,-13.3,-22.19096947135416,1.5727876531723481
1967-09-30,-23.027272727272745,-16.8,-22.14119873470529,-0.8860739925674537
1967-10-31,-16.366666666666674,-10.4,-22.091427998056425,5.72476133138975
1967-11-30,-24.71818181818182,-17.1,-22.041657261407558,-2.676524556774261
1967-12-31,-30.441666666666684,-24.0,-21.99188652475869,-8.449780141907993
1968-01-31,-16.019999999999996,-8.1,-21.942115788109824,5.922115788109828
1968-02-29,-11.674999999999997,-4.6,-21.892345051460957,10.21734505146096
1968-03-31,-11.154545454545456,-3.7,-21.84257431481209,10.688028860266634
1968-04-30,-16.12727272727274,-8.7,-21.792803578163223,5.665530850890484
1968-05-31,-17.163636363636357,-7.4,-21.743032841514356,4.579396477877999
1968-06-30,-18.749999999999986,-10.5,-21.69326210486549,2.9432621048655037
1968-07-31,-17.929999999999993,-10.1,-21.643491368216623,3.71349136821663
1968-08-31,-20.61818181818181,-13.3,-21.593720631567756,0.9755388133859455
1968-09-30,-18.42727272727275,-12.2,-21.54394989491889,3.116677167646138
1968-10-31,-22.266666666666666,-16.3,-21.49417915827003,-0.7724875083966367
1968-11-30,-26.018181818181816,-18.4,-21.444408421621162,-4.573773396560654
1968-12-31,-33.64166666666669,-27.2,-21.394637684972295,-12.247028981694392
1969-01-31,-28.119999999999997,-20.2,-21.34486694832343,-6.775133051676569
1969-02-28,-29.27499999999999,-22.2,-21.29509621167456,-7.97990378832543
1969-03-31,,,-21.245325475025695,
1969-04-30,,,-21.195554738376828,
1969-05-31,-24.963636363636354,-15.2,-21.14578400172796,-3.8178523619083933
1969-06-30,-21.84999999999998,-13.6,-21.096013265079094,-0.7539867349208862
1969-07-31,-15.329999999999998,-7.5,-21.046242528430227,5.716242528430229
1969-08-31,-14.418181818181807,-7.1,-20.99647179178136,6.578289973599553
1969-09-30,-12.12727272727274,-5.9,-20.946701055132493,8.819428327859754
1969-10-31,-13.666666666666671,-7.7,-20.896930318483626,7.230263651816955
1969-11-30,-5.318181818181813,2.3,-20.84715958183476,15.528977763652946
1969-12-31,-8.241666666666688,-1.8,-20.797388845185893,12.555722178519204
1970-01-31,-13.019999999999996,-5.1,-20.747618108537026,7.72761810853703
1970-02-28,-8.574999999999989,-1.5,-20.69784737188816,12.12284737188817
1970-03-31,-7.4545454545454675,0.0,-20.648076635239292,13.193531180693824
1970-04-30,-12.327272727272742,-4.9,-20.598305898590425,8.271033171317683
1970-05-31,-10.063636363636363,-0.3,-20.548535161941565,10.484898798305203
1970-06-30,-3.549999999999983,4.7,-20.4987644252927,16.948764425292715
1970-07-31,-4.929999999999993,2.9,-20.44899368864383,15.518993688643839
1970-08-31,-6.318181818181813,1.0,-20.399222951994965,14.081041133813152
1970-09-30,0.07272727272724921,6.3,-20.349452215346098,20.422179488073347
1970-10-31,1.1333333333333258,7.1,-20.29968147869723,21.433014812030557
1970-11-30,0.38181818181818983,8.0,-20.249910742048364,20.631728923866554
1970-12-31,,,-20.200140005399497,
1971-01-31,2.3799999999999955,10.3,-20.15036926875063,22.530369268750626
1971-02-28,-0.07499999999998863,7.0,-20.100598532101763,20.025598532101775
1971-03-31,-4.254545454545465,3.2,-20.050827795452896,15.796282340907432
1971-04-30,-5.027272727272731,2.4,-20.00105705880403,14.973784331531299
1971-05-31,-9.763636363636351,0.0,-19.951286322155163,10.187649958518811
1971-06-30,-6.749999999999986,1.5,-19.901515585506296,13.15151558550631
1971-07-31,-3.529999999999987,4.3,-19.85174484885743,16.321744848857442
1971-08-31,-4.7181818181818045,2.6,-19.801974112208562,15.083792294026757
1971-09-30,-2.227272727272748,4.0,-19.752203375559695,17.524930648286947
1971-10-31,,,-19.702432638910828,
1971-11-30,-1.7181818181818187,5.9,-19.65266190226196,17.934480084080143
1971-12-31,2.85833333333332,9.3,-19.6028911656131,22.46122449894642
1972-01-31,-4.319999999999993,3.6,-19.553120428964235,15.233120428964241
1972-02-29,-6.074999999999989,1.0,-19.503349692315368,13.42834969231538
1972-03-31,-11.854545454545459,-4.4,-19.4535789556665,7.599033501121042
1972-04-30,-16.62727272727274,-9.2,-19.403808219017634,2.7765354917448946
1972-05-31,-20.663636363636357,-10.9,-19.354037482368767,-1.3095988812675898
1972-06-30,-24.049999999999983,-15.8,-19.3042667457199,-4.745733254280083
1972-07-31,-25.529999999999987,-17.7,-19.254496009071033,-6.275503990928954
1972-08-31,-33.11818181818181,-25.8,-19.204725272422166,-13.913456545759644
1972-09-30,-40.82727272727274,-34.6,-19.1549545357733,-21.672318191499443
1972-10-31,-54.366666666666674,-48.4,-19.105183799124433,-35.26148286754224
1972-11-30,-39.11818181818182,-31.5,-19.055413062475566,-20.06276875570625
1972-12-31,-37.041666666666686,-30.6,-19.0056423258267,-18.036024340839987
1973-01-31,-30.22,-22.3,-18.955871589177832,-11.264128410822167
1973-02-28,-29.974999999999994,-22.9,-18.906100852528965,-11.06889914747103
1973-03-31,-30.554545454545462,-23.1,-18.856330115880098,-11.698215338665364
1973-04-30,-20.827272727272742,-13.4,-18.80655937923123,-2.020713348041511
1973-05-31,-19.663636363636357,-9.9,-18.756788642582364,-0.9068477210539925
1973-06-30,-13.34999999999998,-5.1,-18.707017905933498,5.3570179059335175
1973-07-31,-9.829999999999998,-2.0,-18.657247169284638,8.82724716928464
1973-08-31,-7.818181818181813,-0.5,-18.60747643263577,10.789294614453958
1973-09-30,,,-18.557705695986904,
1973-10-31,,,-18.507934959338037,
1973-11-30,1.4818181818181841,9.1,-18.45816422268917,19.939982404507354
1973-12-31,-1.4416666666666913,5.0,-18.408393486040303,16.966726819373612
1974-01-31,-0.8199999999999932,7.1,-18.358622749391436,17.538622749391443
1974-02-28,-0.5749999999999886,6.5,-18.30885201274257,17.73385201274258
1974-03-31,-6.754545454545465,0.7,-18.259081276093703,11.504535821548238
1974-04-30,-9.327272727272742,-1.9,-18.209310539444836,8.882037812172094
1974-05-31,,,-18.15953980279597,
1974-06-30,-20.44999999999999,-12.2,-18.109769066147102,-2.3402309338528866
1974-07-31,,,-18.059998329498235,
1974-08-31,-23.418181818181807,-16.1,-18.01022759284937,-5.407954225332439
1974-09-30,-21.62727272727274,-15.4,-17.9604568562005,-3.666815871072238
1974-10-31,,,-17.910686119551634,
1974-11-30,-20.818181818181813,-13.2,-17.860915382902768,-2.9572664352790454
1974-12-31,-19.94166666666669,-13.5,-17.8111446462539,-2.1305220204127906
1975-01-31,-13.319999999999993,-5.4,-17.761373909605034,4.441373909605041
1975-02-28,-9.574999999999989,-2.5,-17.711603172956174,8.136603172956185
1975-03-31,-8.454545454545467,-1.0,-17.661832436307307,9.20728698176184
1975-04-30,-10.327272727272742,-2.9,-17.61206169965844,7.284788972385698
1975-05-31,-10.36363636363636,-0.6,-17.562290963009573,7.198654599373214
1975-06-30,-5.34999999999998,2.9,-17.512520226360706,12.162520226360726
1975-07-31,,,-17.46274948971184,
1975-08-31,,,-17.412978753062973,
1975-09-30,,,-17.363208016414106,
1975-10-31,,,-17.31343727976524,
1975-11-30,,,-17.263666543116372,
1975-12-31,,,-17.213895806467505,
1976-01-31,,,-17.16412506981864,
1976-02-29,-4.574999999999989,2.5,-17.11435433316977,12.539354333169783
1976-03-31,-3.554545454545462,3.9,-17.064583596520905,13.510038141975443
1976-04-30,-5.127272727272739,2.3,-17.014812859872038,11.887540132599298
1976-05-31,,,-16.96504212322317,
1976-06-30,,,-16.915271386574304,
1976-07-31,,,-16.865500649925437,
1976-08-31,,,-16.81572991327657,
1976-09-30,,,-16.76595917662771,
1976-10-31,,,-16.716188439978843,
1976-11-30,-13.918181818181822,-6.3,-16.666417703329977,2.748235885148155
1976-12-31,-9.741666666666688,-3.3,-16.61664696668111,6.874980300014421
1977-01-31,-8.420000000000002,-0.5,-16.566876230032243,8.146876230032241
1977-02-28,,,-16.517105493383376,
1977-03-31,-5.254545454545465,2.2,-16.46733475673451,11.212789302189044
1977-04-30,-5.927272727272737,1.5,-16.417564020085642,10.490291292812906
1977-05-31,-11.86363636363636,-2.1,-16.367793283436775,4.504156919800415
1977-06-30,-12.449999999999989,-4.2,-16.31802254678791,3.8680225467879197
1977-07-31,-13.429999999999993,-5.6,-16.26825181013904,2.838251810139049
1977-08-31,-11.918181818181807,-4.6,-16.218481073490175,4.300299255308367
1977-09-30,-4.727272727272748,1.5,-16.168710336841308,11.44143760956856
1977-10-31,-7.966666666666669,-2.0,-16.11893960019244,8.152272933525772
1977-11-30,-17.21818181818182,-9.6,-16.069168863543574,-1.1490129546382448
1977-12-31,-15.14166666666668,-8.7,-16.019398126894707,0.8777314602280271
1978-01-31,-15.120000000000005,-7.2,-15.96962739024584,0.8496273902458356
1978-02-28,-12.974999999999994,-5.9,-15.919856653596973,2.944856653596979
1978-03-31,-16.754545454545465,-9.3,-15.870085916948106,-0.8844595375973583
1978-04-30,-16.327272727272742,-8.9,-15.820315180299247,-0.5069575469734957
1978-05-31,-13.263636363636351,-3.5,-15.77054444365038,2.5069080800140284
1978-06-30,-15.549999999999983,-7.3,-15.720773707001513,0.17077370700152983
1978-07-31,-11.329999999999998,-3.5,-15.671002970352646,4.341002970352648
1978-08-31,-8.318181818181813,-1.0,-15.621232233703779,7.303050415521966
1978-09-30,-8.527272727272745,-2.3,-15.571461497054912,7.044188769782167
1978-10-31,-5.666666666666671,0.3,-15.521690760406045,9.855024093739374
1978-11-30,-6.61818181818181,1.0,-15.471920023757178,8.853738205575368
1978-12-31,-14.14166666666668,-7.7,-15.422149287108311,1.2804826204416315
1979-01-31,-16.019999999999996,-8.1,-15.372378550459445,-0.6476214495405515
1979-02-28,-22.07499999999999,-15.0,-15.322607813810578,-6.752392186189411
1979-03-31,-17.754545454545465,-10.3,-15.27283707716171,-2.481708377383754
1979-04-30,-15.727272727272734,-8.3,-15.223066340512844,-0.5042063867598898
1979-05-31,-18.063636363636363,-8.3,-15.173295603863977,-2.8903407597723856
1979-06-30,-15.149999999999991,-6.9,-15.12352486721511,-0.02647513278488134
1979-07-31,-9.029999999999987,-1.2,-15.073754130566243,6.043754130566256
1979-08-31,-12.718181818181804,-5.4,-15.023983393917376,2.305801575735572
1979-09-30,-14.42727272727275,-8.2,-14.97421265726851,0.5469399299957587
1979-10-31,-14.666666666666671,-8.7,-14.924441920619643,0.2577752539529712
1979-11-30,-9.718181818181819,-2.1,-14.874671183970783,5.156489365788964
1979-12-31,-14.041666666666686,-7.6,-14.824900447321916,0.7832337806552303
1980-01-31,-15.719999999999999,-7.8,-14.775129710673049,-0.9448702893269498
1980-02-29,-14.174999999999997,-7.1,-14.725358974024182,0.550358974024185
1980-03-31,-12.954545454545467,-5.5,-14.675588237375315,1.7210427828298478
1980-04-30,,,-14.625817500726448,
1980-05-31,-10.663636363636357,-0.9,-14.576046764077581,3.9124104004412246
1980-06-30,-12.549999999999983,-4.3,-14.526276027428715,1.9762760274287317
1980-07-31,-11.929999999999993,-4.1,-14.476505290779848,2.546505290779855
1980-08-31,-9.61818181818181,-2.3,-14.42673455413098,4.808552735949171
1980-09-30,-11.227272727272748,-5.0,-14.376963817482114,3.149691090209366
1980-10-31,-11.866666666666674,-5.9,-14.327193080833247,2.460526414166573
1980-11-30,-8.218181818181819,-0.6,-14.27742234418438,6.0592405260025615
1980-12-31,-14.841666666666683,-8.4,-14.227651607535513,-0.6140150591311695
1981-01-31,-12.019999999999996,-4.1,-14.177880870886646,2.1578808708866504
1981-02-28,-11.974999999999994,-4.9,-14.12811013423778,2.153110134237785
1981-03-31,-9.554545454545462,-2.1,-14.078339397588913,4.523793943043451
1981-04-30,-13.327272727272742,-5.9,-14.028568660940046,0.7012959336673035
1981-05-31,-14.563636363636363,-4.8,-13.978797924291179,-0.5848384393451838
1981-06-30,-12.34999999999998,-4.1,-13.929027187642319,1.579027187642339
1981-07-31,-5.1299999999999955,2.7,-13.879256450993452,8.749256450993457
1981-08-31,-3.7181818181818045,3.6,-13.829485714344585,10.11130389616278
1981-09-30,-4.727272727272748,1.5,-13.779714977695718,9.05244225042297
1981-10-31,1.8333333333333286,7.8,-13.729944241046852,15.56327757438018
1981-11-30,-0.5181818181818159,7.1,-13.680173504397985,13.161991686216169
1981-12-31,-7.841666666666683,-1.4,-13.630402767749118,5.788736101082435
1982-01-31,-2.4200000000000017,5.5,-13.58063203110025,11.16063203110025
1982-02-28,-3.874999999999986,3.2,-13.530861294451384,9.655861294451398
1982-03-31,-6.354545454545459,1.1,-13.481090557802517,7.126545103257058
1982-04-30,-8.727272727272734,-1.3,-13.43131982115365,4.7040470938809165
1982-05-31,-12.963636363636354,-3.2,-13.381549084504783,0.41791272086842923
1982-06-30,,,-13.331778347855916,
1982-07-31,,,-13.28200761120705,
1982-08-31,-25.61818181818181,-18.3,-13.232236874558183,-12.385944943623628
1982-09-30,-27.327272727272742,-21.1,-13.182466137909316,-14.144806589363426
1982-10-31,-27.16666666666667,-21.2,-13.132695401260449,-14.033971265406223
1982-11-30,-32.81818181818181,-25.2,-13.082924664611582,-19.73525715357023
1982-12-31,-35.941666666666684,-29.5,-13.033153927962715,-22.90851273870397
1983-01-31,-33.72,-25.8,-12.983383191313855,-20.736616808686144
1983-02-28,-36.77499999999999,-29.7,-12.933612454664988,-23.841387545335003
1983-03-31,-28.454545454545467,-21.0,-12.883841718016122,-15.570703736529346
1983-04-30,-28.427272727272737,-21.0,-12.834070981367255,-15.593201745905482
1983-05-31,-30.463636363636354,-20.7,-12.784300244718388,-17.679336118917966
1983-06-30,-25.84999999999998,-17.6,-12.73452950806952,-13.11547049193046
1983-07-31,-20.429999999999993,-12.6,-12.684758771420654,-7.745241228579339
1983-08-31,-22.11818181818181,-14.8,-12.634988034771787,-9.483193783410023
1983-09-30,-14.227272727272748,-8.0,-12.58521729812292,-1.6420554291498277
1983-10-31,-9.866666666666674,-3.9,-12.535446561474053,2.668779894807379
1983-11-30,-6.518181818181816,1.1,-12.485675824825186,5.967494006643371
1983-12-31,-9.541666666666686,-3.1,-12.43590508817632,2.894238421509634
1984-01-31,-7.019999999999996,0.9,-12.386134351527453,5.366134351527457
1984-02-29,-6.074999999999989,1.0,-12.336363614878586,6.261363614878597
1984-03-31,-4.554545454545462,2.9,-12.286592878229719,7.732047423684257
1984-04-30,-1.3272727272727423,6.1,-12.236822141580852,10.90954941430811
1984-05-31,-2.3636363636363598,7.4,-12.187051404931985,9.823415041295625
1984-06-30,-0.7499999999999858,7.5,-12.137280668283118,11.387280668283132
1984-07-31,-2.1299999999999955,5.7,-12.087509931634251,9.957509931634256
1984-08-31,-1.318181818181813,6.0,-12.037739194985392,10.719557376803579
1984-09-30,1.5727272727272492,7.8,-11.987968458336525,13.560695731063774
1984-10-31,-0.46666666666666856,5.5,-11.938197721687658,11.47153105502099
1984-11-30,-7.318181818181813,0.3,-11.888426985038791,4.570245166856978
1984-12-31,-0.24166666666668846,6.2,-11.838656248389924,11.596989581723236
1985-01-31,-5.1200000000000045,2.8,-11.788885511741057,6.668885511741053
1985-02-28,-0.5749999999999886,6.5,-11.73911477509219,11.164114775092202
1985-03-31,-2.7545454545454646,4.7,-11.689344038443323,8.934798583897859
1985-04-30,-0.12727272727273942,7.3,-11.639573301794456,11.512300574521717
1985-05-31,-13.86363636363636,-4.1,-11.58980256514559,-2.27383379849077
1985-06-30,-16.249999999999986,-8.0,-11.540031828496723,-4.709968171503263
1985-07-31,-15.529999999999987,-7.7,-11.490261091847856,-4.039738908152131
1985-08-31,-14.518181818181802,-7.2,-11.440490355198989,-3.0776914629828127
1985-09-30,-13.027272727272745,-6.8,-11.390719618550122,-1.636553108722623
1985-10-31,-11.766666666666666,-5.8,-11.340948881901255,-0.42571778476541056
1985-11-30,-12.11818181818181,-4.5,-11.291178145252388,-0.8270036729294219
1985-12-31,-5.941666666666691,0.5,-11.241407408603521,5.29974074193683
1986-01-31,-3.219999999999999,4.7,-11.191636671954655,7.971636671954656
1986-02-28,-7.074999999999989,0.0,-11.141865935305788,4.066865935305799
1986-03-31,-14.154545454545456,-6.7,-11.092095198656928,-3.0624502558885283
1986-04-30,,,-11.042324462008061,
1986-05-31,-14.763636363636351,-5.0,-10.992553725359194,-3.771082638277157
1986-06-30,-10.949999999999989,-2.7,-10.942782988710327,-0.007217011289661457
1986-07-31,-16.72999999999999,-8.9,-10.89301225206146,-5.8369877479385295
1986-08-31,,,-10.843241515412593,
1986-09-30,,,-10.793470778763727,
1986-10-31,,,-10.74370004211486,
1986-11-30,-24.21818181818182,-16.6,-10.693929305465993,-13.524252512715826
1986-12-31,-20.24166666666669,-13.8,-10.644158568817126,-9.597508097849563
1987-01-31,-24.119999999999997,-16.2,-10.594387832168259,-13.525612167831738
1987-02-28,-26.77499999999999,-19.7,-10.544617095519392,-16.2303829044806
1987-03-31,-25.654545454545456,-18.2,-10.494846358870525,-15.159699095674931
1987-04-30,-25.52727272727273,-18.1,-10.445075622221658,-15.082197105051073
1987-05-31,-20.76363636363635,-11.0,-10.395304885572791,-10.36833147806356
1987-06-30,-13.749999999999986,-5.5,-10.345534148923925,-3.4044658510760613
1987-07-31,-16.22999999999999,-8.4,-10.295763412275058,-5.934236587724932
1987-08-31,-18.918181818181807,-11.6,-10.24599267562619,-8.672189142555617
1987-09-30,-9.42727272727275,-3.2,-10.196221938977324,0.7689492117045731
1987-10-31,-16.96666666666667,-11.0,-10.146451202328464,-6.8202154643382045
1987-11-30,-16.91818181818182,-9.3,-10.096680465679597,-6.821501352502224
1987-12-31,-22.44166666666669,-16.0,-10.04690972903073,-12.394756937635961
1988-01-31,-19.819999999999993,-11.9,-9.997138992381863,-9.82286100761813
1988-02-29,-16.374999999999986,-9.3,-9.947368255732997,-6.427631744266989
1988-03-31,-11.754545454545465,-4.3,-9.89759751908413,-1.856947935461335
1988-04-30,-10.62727272727274,-3.2,-9.847826782435263,-0.7794459448374766
1988-05-31,-12.763636363636351,-3.0,-9.798056045786396,-2.9655803178499553
1988-06-30,-10.449999999999989,-2.2,-9.748285309137529,-0.7017146908624596
1988-07-31,-12.029999999999987,-4.2,-9.698514572488662,-2.331485427511325
1988-08-31,-11.818181818181813,-4.5,-9.648743835839795,-2.169437982342018
1988-09-30,-1.3272727272727423,4.9,-9.598973099190928,8.271700371918186
1988-10-31,2.933333333333323,8.9,-9.549202362542061,12.482535695875384
1988-11-30,1.7818181818181813,9.4,-9.499431625893195,11.281249807711376
1988-12-31,6.558333333333309,13.0,-9.449660889244328,16.007994222577636
1989-01-31,7.579999999999998,15.5,-9.39989015259546,16.97989015259546
1989-02-28,3.325000000000003,10.4,-9.350119415946594,12.675119415946597
1989-03-31,0.6454545454545411,8.1,-9.300348679297727,9.945803224752268
1989-04-30,-3.027272727272731,4.4,-9.25057794264886,6.223305215376129
1989-05-31,-13.663636363636357,-3.9,-9.200807206,-4.462829157636357
1989-06-30,-18.34999999999998,-10.1,-9.151036469351133,-9.198963530648847
1989-07-31,-16.529999999999987,-8.7,-9.101265732702267,-7.42873426729772
1989-08-31,-14.318181818181813,-7.0,-9.0514949960534,-5.266686822128413
1989-09-30,-16.227272727272748,-10.0,-9.001724259404533,-7.225548467868215
1989-10-31,-16.866666666666674,-10.9,-8.951953522755666,-7.914713143911008
1989-11-30,-21.41818181818182,-13.8,-8.902182786106799,-12.515999032075023
1989-12-31,-12.841666666666683,-6.4,-8.852412049457932,-3.9892546172087506
1990-01-31,-27.619999999999997,-19.7,-8.802641312809065,-18.817358687190932
1990-02-28,-19.174999999999997,-12.1,-8.752870576160198,-10.422129423839799
1990-03-31,-15.454545454545467,-8.0,-8.703099839511331,-6.751445615034136
1990-04-30,-20.427272727272737,-13.0,-8.653329102862465,-11.773943624410272
1990-05-31,-22.26363636363635,-12.5,-8.603558366213598,-13.660077997422754
1990-06-30,-21.249999999999986,-13.0,-8.55378762956473,-12.696212370435255
1990-07-31,-24.529999999999987,-16.7,-8.504016892915864,-16.025983107084123
1990-08-31,-19.918181818181807,-12.6,-8.454246156266997,-11.46393566191481
1990-09-30,-18.827272727272742,-12.6,-8.40447541961813,-10.422797307654612
1990-10-31,-21.066666666666677,-15.1,-8.354704682969263,-12.711961983697414
1990-11-30,-13.318181818181813,-5.7,-8.304933946320396,-5.013247871861417
1990-12-31,-20.541666666666686,-14.1,-8.255163209671537,-12.286503456995149
1991-01-31,-20.72,-12.8,-8.20539247302267,-12.51460752697733
1991-02-28,-20.174999999999997,-13.1,-8.155621736373803,-12.019378263626194
1991-03-31,-18.154545454545456,-10.7,-8.105850999724936,-10.04869445482052
1991-04-30,-24.827272727272742,-17.4,-8.056080263076069,-16.771192464196673
1991-05-31,-35.063636363636355,-25.3,-8.006309526427202,-27.057326837209153
1991-06-30,-22.94999999999999,-14.7,-7.956538789778335,-14.993461210221653
1991-07-31,-15.22999999999999,-7.4,-7.906768053129468,-7.323231946870521
1991-08-31,-12.718181818181804,-5.4,-7.8569973164806015,-4.861184501701203
1991-09-30,-17.227272727272748,-11.0,-7.807226579831735,-9.420046147441013
1991-10-31,-15.366666666666674,-9.4,-7.757455843182868,-7.6092108234838065
1991-11-30,-14.418181818181822,-6.8,-7.707685106534001,-6.710496711647821
1991-12-31,-24.941666666666684,-18.5,-7.657914369885134,-17.28375229678155
1992-01-31,,,-7.608143633236267,
1992-02-29,,,-7.5583728965874,
1992-03-31,-15.054545454545462,-7.6,-7.508602159938533,-7.5459432946069285
1992-04-30,-13.12727272727274,-5.7,-7.458831423289666,-5.668441303983073
1992-05-31,-19.36363636363636,-9.6,-7.4090606866407995,-11.95457567699556
1992-06-30,,,-7.359289949991933,
1992-07-31,,,-7.309519213343073,
1992-08-31,-18.418181818181807,-11.1,-7.259748476694206,-11.158433341487601
1992-09-30,-20.92727272727275,-14.7,-7.209977740045339,-13.717294987227412
1992-10-31,-17.46666666666667,-11.5,-7.160207003396472,-10.306459663270196
1992-11-30,-20.91818181818182,-13.3,-7.110436266747605,-13.807745551434216
1992-12-31,-23.541666666666686,-17.1,-7.060665530098738,-16.481001136567947
1993-01-31,-17.120000000000005,-9.2,-7.0108947934498715,-10.109105206550133
1993-02-28,-20.374999999999986,-13.3,-6.961124056801005,-13.413875943198981
1993-03-31,-21.054545454545462,-13.6,-6.911353320152138,-14.143192134393324
1993-04-30,-19.727272727272734,-12.3,-6.861582583503271,-12.865690143769463
1993-05-31,-13.563636363636363,-3.8,-6.811811846854404,-6.751824516781959
1993-06-30,-10.449999999999989,-2.2,-6.762041110205537,-3.6879588897944515
1993-07-31,-10.629999999999995,-2.8,-6.71227037355667,-3.9177296264433252
1993-08-31,-6.518181818181802,0.8,-6.662499636907803,0.1443178187260017
1993-09-30,-6.027272727272745,0.2,-6.6127289002589364,0.5854561729861913
1993-10-31,-8.066666666666677,-2.1,-6.56295816361007,-1.5037085030566075
1993-11-30,-7.518181818181816,0.1,-6.513187426961203,-1.0049943912206132
1993-12-31,-4.041666666666686,2.4,-6.463416690312336,2.42175002364565
1994-01-31,-6.819999999999993,1.1,-6.413645953663469,-0.4063540463365243
1994-02-28,-5.7749999999999915,1.3,-6.363875217014609,0.5888752170146176
1994-03-31,-5.9545454545454675,1.5,-6.314104480365742,0.35955902582027477
1994-04-30,-7.227272727272734,0.2,-6.264333743716875,-0.9629389835558584
1994-05-31,-8.963636363636354,0.8,-6.2145630070680085,-2.7490733565683456
1994-06-30,-7.34999999999998,0.9,-6.164792270419142,-1.1852077295808385
1994-07-31,-3.529999999999987,4.3,-6.115021533770275,2.5850215337702878
1994-08-31,-7.518181818181802,-0.2,-6.065250797121408,-1.4529310210603938
1994-09-30,-4.527272727272745,1.7,-6.015480060472541,1.4882073331997958
1994-10-31,-8.766666666666666,-2.8,-5.965709323823674,-2.8009573428429917
1994-11-30,-19.41818181818182,-11.8,-5.915938587174807,-13.502243231007014
1994-12-31,-12.64166666666668,-6.2,-5.86616785052594,-6.77549881614074
1995-01-31,-16.019999999999996,-8.1,-5.816397113877073,-10.203602886122923
1995-02-28,-22.874999999999986,-15.8,-5.7666263772282065,-17.10837362277178
1995-03-31,-23.35454545454546,-15.9,-5.71685564057934,-17.63768981396612
1995-04-30,-20.02727272727273,-12.6,-5.667084903930473,-14.360187823342258
1995-05-31,-19.563636363636363,-9.8,-5.617314167281606,-13.946322196354757
1995-06-30,-10.749999999999986,-2.5,-5.567543430632739,-5.182456569367247
1995-07-31,-6.72999999999999,1.1,-5.517772693983872,-1.2122273060161177
1995-08-31,-7.11818181818181,0.2,-5.468001957335005,-1.650179860846805
1995-09-30,-6.127272727272739,0.1,-5.418231220686145,-0.709041506586594
1995-10-31,-3.6666666666666714,2.3,-5.3684604840372785,1.701793817370607
1995-11-30,-2.4181818181818215,5.2,-5.318689747388412,2.90050792920659
1995-12-31,-1.5416666666666856,4.9,-5.268919010739545,3.727252344072859
1996-01-31,-1.519999999999996,6.4,-5.219148274090678,3.699148274090682
1996-02-29,3.4250000000000114,10.5,-5.169377537441811,8.594377537441822
1996-03-31,0.7454545454545354,8.2,-5.119606800792944,5.865061346247479
1996-04-30,-0.9272727272727366,6.5,-5.069836064144077,4.142563336871341
1996-05-31,-4.063636363636363,5.7,-5.02006532749521,0.9564289638588477
1996-06-30,-2.84999999999998,5.4,-4.970294590846343,2.1202945908463633
1996-07-31,-0.3299999999999983,7.5,-4.9205238541974765,4.590523854197478
1996-08-31,-1.6181818181818102,5.7,-4.87075311754861,3.2525712993667995
1996-09-30,-0.9272727272727508,5.3,-4.820982380899743,3.893709653626992
1996-10-31,-3.566666666666677,2.4,-4.771211644250876,1.2045449775841988
1996-11-30,-5.4181818181818215,2.2,-4.721440907602009,-0.6967409105798126
1996-12-31,-16.74166666666669,-10.3,-4.671670170953142,-12.069996495713546
1997-01-31,-15.319999999999993,-7.4,-4.621899434304275,-10.698100565695718
1997-02-28,-9.774999999999991,-2.7,-4.572128697655408,-5.202871302344583
1997-03-31,-7.654545454545456,-0.2,-4.522357961006541,-3.1321874935389147
1997-04-30,-10.927272727272737,-3.5,-4.472587224357682,-6.454685502915055
1997-05-31,-21.76363636363635,-12.0,-4.422816487708815,-17.340819875927536
1997-06-30,-26.44999999999999,-18.2,-4.373045751059948,-22.07695424894004
1997-07-31,-26.529999999999987,-18.7,-4.323275014411081,-22.206724985588906
1997-08-31,-26.11818181818181,-18.8,-4.273504277762214,-21.844677540419596
1997-09-30,-29.527272727272745,-23.3,-4.223733541113347,-25.303539186159398
1997-10-31,-24.866666666666674,-18.9,-4.17396280446448,-20.692703862202194
1997-11-30,-27.21818181818182,-19.6,-4.124192067815613,-23.093989750366205
1997-12-31,,,-4.0744213311667465,
1998-01-31,,,-4.02465059451788,
1998-02-28,,,-3.9748798578690128,
1998-03-31,,,-3.925109121220146,
1998-04-30,,,-3.875338384571279,
1998-05-31,,,-3.825567647922412,
1998-06-30,,,-3.775796911273545,
1998-07-31,,,-3.7260261746246783,
1998-08-31,,,-3.6762554379758114,
1998-09-30,,,-3.6264847013269446,
1998-10-31,,,-3.5767139646780777,
1998-11-30,,,-3.526943228029218,
1998-12-31,,,-3.477172491380351,
1999-01-31,,,-3.427401754731484,
1999-02-28,7.2250000000000085,14.3,-3.3776310180826172,10.602631018082626
1999-03-31,5.845454545454544,13.3,-3.3278602814337503,9.173314826888294
1999-04-30,6.872727272727261,14.3,-3.2780895447848835,10.150816817512144
1999-05-31,1.2363636363636488,11.0,-3.2283188081360166,4.464682444499665
1999-06-30,,,-3.1785480714871497,
1999-07-31,,,-3.128777334838283,
1999-08-31,-1.318181818181813,6.0,-3.079006598189416,1.760824780007603
1999-09-30,-0.5272727272727451,5.7,-3.029235861540549,2.501963134267804
1999-10-31,2.0333333333333314,8.0,-2.979465124891682,5.012798458225014
1999-11-30,,,-2.9296943882428153,
1999-12-31,3.85833333333332,10.3,-2.8799236515939484,6.738256984927268
2000-01-31,2.3799999999999955,10.3,-2.8301529149450815,5.210152914945077
2000-02-29,0.32500000000000284,7.4,-2.7803821782962146,3.1053821782962174
2000-03-31,0.3454545454545439,7.8,-2.7306114416473477,3.0760659871018916
2000-04-30,-1.4272727272727366,6.0,-2.680840704998481,1.2535679777257442
2000-05-31,2.536363636363646,12.3,-2.631069968349614,5.16743360471326
2000-06-30,-0.549999999999983,7.7,-2.581299231700754,2.031299231700771
2000-07-31,3.8700000000000045,11.7,-2.5315284950518873,6.401528495051892
2000-08-31,2.88181818181819,10.2,-2.4817577584030204,5.36357594022121
2000-09-30,2.272727272727252,8.5,-2.4319870217541535,4.7047142944814055
2000-10-31,3.7333333333333343,9.7,-2.3822162851052866,6.115549618438621
2000-11-30,1.8818181818181898,9.5,-2.3324455484564197,4.2142637302746095
2000-12-31,2.2583333333333115,8.7,-2.282674811807553,4.541008145140864
2001-01-31,2.680000000000007,10.6,-2.232904075158686,4.912904075158693
2001-02-28,3.5250000000000057,10.6,-2.183133338509819,5.708133338509825
2001-03-31,-0.6545454545454561,6.8,-2.133362601860952,1.478817147315496
2001-04-30,0.07272727272726343,7.5,-2.0835918652120853,2.1563191379393487
2001-05-31,-2.463636363636354,7.3,-2.0338211285632184,-0.4298152350731357
2001-06-30,1.950000000000017,10.2,-1.9840503919143515,3.9340503919143686
2001-07-31,-4.029999999999987,3.8,-1.9342796552654846,-2.0957203447345023
2001-08-31,-2.9181818181818073,4.4,-1.8845089186166177,-1.0336728995651896
2001-09-30,-4.827272727272742,1.4,-1.8347381819677508,-2.9925345453049914
2001-10-31,-4.766666666666666,1.2,-1.784967445318884,-2.9816992213477818
2001-11-30,1.3818181818181898,9.0,-1.735196708670017,3.117014890488207
2001-12-31,-1.9416666666666913,4.5,-1.6854259720211502,-0.2562406946455411
2002-01-31,-5.319999999999993,2.6,-1.6356552353722904,-3.6843447646277028
2002-02-28,-4.074999999999989,3.0,-1.5858844987234235,-2.489115501276565
2002-03-31,,,-1.5361137620745566,
2002-04-30,,,-1.4863430254256897,
2002-05-31,,,-1.4365722887768229,
2002-06-30,1.2500000000000142,9.5,-1.386801552127956,2.63680155212797
2002-07-31,-0.5299999999999869,7.3,-1.337030815479089,0.8070308154791022
2002-08-31,-3.11818181818181,4.2,-1.2872600788302222,-1.830921739351588
2002-09-30,-10.827272727272742,-4.6,-1.2374893421813553,-9.589783385091387
2002-10-31,-14.566666666666677,-8.6,-1.1877186055324884,-13.378948061134189
2002-11-30,-14.61818181818181,-7.0,-1.1379478688836215,-13.480233949298189
2002-12-31,-25.341666666666683,-18.9,-1.0881771322347547,-24.253489534431928
2003-01-31,-11.920000000000002,-4.0,-1.0384063955858878,-10.881593604414114
2003-02-28,-9.474999999999994,-2.4,-0.9886356589370209,-8.486364341062973
2003-03-31,-17.054545454545462,-9.6,-0.938864922288154,-16.115680532257308
2003-04-30,-19.827272727272742,-12.4,-0.8890941856392871,-18.938178541633455
2003-05-31,-3.8636363636363598,5.9,-0.8393234489904202,-3.0243129146459395
2003-06-30,-9.149999999999991,-0.9,-0.7895527123415533,-8.360447287658438
2003-07-31,-6.6299999999999955,1.2,-0.7397819756926864,-5.890218024307309
2003-08-31,1.8818181818181898,9.2,-0.6900112390438267,2.5718294208620165
2003-09-30,1.8727272727272606,8.1,-0.6402405023949598,2.5129677751222204
2003-10-31,0.4333333333333229,6.4,-0.5904697657460929,1.0238030990794158
2003-11-30,-1.5181818181818159,6.1,-0.540699029097226,-0.9774827890845899
2003-12-31,-2.64166666666668,3.8,-0.4909282924483591,-2.150738374218321
2004-01-31,-3.9200000000000017,4.0,-0.44115755579949223,-3.4788424442005095
2004-02-29,-1.9749999999999943,5.1,-0.39138681915062534,-1.583613180849369
2004-03-31,1.9454545454545382,9.4,-0.34161608250175846,2.2870706279562967
2004-04-30,2.972727272727269,10.4,-0.29184534585289157,3.2645726185801607
2004-05-31,-0.0636363636363626,9.7,-0.24207460920402468,0.17843824556766208
2004-06-30,,,-0.1923038725551578,
2004-07-31,,,-0.1425331359062909,
2004-08-31,,,-0.09276239925742402,
2004-09-30,,,-0.042991662608557135,
2004-10-31,-8.066666666666677,-2.1,0.006779074040309752,-8.073445740706987
2004-11-30,-8.818181818181813,-1.2,0.05654981068917664,-8.87473162887099
2004-12-31,-12.941666666666691,-6.5,0.10632054733804353,-13.047987214004735
2005-01-31,,,0.1560912839869104,
2005-02-28,-20.07499999999999,-13.0,0.2058620206357773,-20.280862020635766
2005-03-31,-9.254545454545465,-1.8,0.2556327572846371,-9.510178211830102
2005-04-30,0.8727272727272606,8.3,0.30540349393350397,0.5673237787937566
2005-05-31,0.4363636363636374,10.2,0.35517423058237085,0.08118940578126654
2005-06-30,1.3500000000000085,9.6,0.40494496723123774,0.9450550327687708
2005-07-31,0.8700000000000045,8.7,0.4547157038801046,0.4152842961198999
2005-08-31,-2.11818181818181,5.2,0.5044864405289715,-2.6226682587107817
2005-09-30,-2.927272727272751,3.3,0.5542571771778384,-3.481529904450589
2005-10-31,3.1333333333333258,9.1,0.6040279138267053,2.5293054195066205
2005-11-30,3.0818181818181785,10.7,0.6537986504755722,2.4280195313426063
2005-12-31,4.35833333333332,10.8,0.7035693871244391,3.654763946208881
2006-01-31,3.180000000000007,11.1,0.753340123773306,2.426659876226701
2006-02-28,3.325000000000003,10.4,0.8031108604221728,2.52188913957783
2006-03-31,7.445454545454538,14.9,0.8528815970710397,6.5925729483834985
2006-04-30,7.272727272727266,14.7,0.9026523337199066,6.37007493900736
2006-05-31,6.036363636363646,15.8,0.9524230703687735,5.083940565994872
2006-06-30,4.15000000000002,12.4,1.0021938070176404,3.1478061929823795
2006-07-31,2.6700000000000017,10.5,1.0519645436665073,1.6180354563334944
2006-08-31,-2.4181818181818073,4.9,1.1017352803153742,-3.5199170984971815
2006-09-30,2.772727272727252,9.0,1.151506016964234,1.6212212557630181
2006-10-31,-0.36666666666667425,5.6,1.2012767536131008,-1.567943420279775
2006-11-30,-2.318181818181813,5.3,1.2510474902619677,-3.5692293084437807
2006-12-31,0.6583333333333172,7.1,1.3008182269108346,-0.6424848935775174
2007-01-31,-4.519999999999996,3.4,1.3505889635597015,-5.8705889635596975
2007-02-28,-1.6749999999999972,5.4,1.4003597002085684,-3.0753597002085655
2007-03-31,-8.054545454545462,-0.6,1.4501304368574353,-9.504675891402897
2007-04-30,-7.327272727272742,0.1,1.4999011735063021,-8.827173900779044
2007-05-31,-4.663636363636357,5.1,1.549671910155169,-6.213308273791526
2007-06-30,0.1500000000000199,8.4,1.599442646804036,-1.449442646804016
2007-07-31,3.470000000000013,11.3,1.6492133834529028,1.8207866165471103
2007-08-31,4.2818181818181955,11.6,1.6989841201017697,2.582834061716426
2007-09-30,2.072727272727249,8.3,1.7487548567506366,0.32397241597661264
2007-10-31,5.133333333333326,11.1,1.7985255933995035,3.3348077399338223
2007-11-30,8.081818181818178,15.7,1.8482963300483704,6.233521851769808
2007-12-31,11.158333333333317,17.6,1.8980670666972372,9.26026626663608
2008-01-31,8.480000000000004,16.4,1.9478378033461041,6.5321621966539
2008-02-29,12.225000000000009,19.3,1.997608539994971,10.227391460005038
2008-03-31,12.345454545454544,19.8,2.047379276643838,10.298075268810706
2008-04-30,10.972727272727269,18.4,2.097150013292705,8.875577259434564
2008-05-31,6.736363636363649,16.5,2.1469207499415717,4.589442886422077
2008-06-30,7.550000000000011,15.8,2.1966914865904386,5.353308513409573
2008-07-31,3.3700000000000045,11.2,2.2464622232393054,1.123537776760699
2008-08-31,6.88181818181819,14.2,2.2962329598881723,4.5855852219300175
2008-09-30,8.57272727272725,14.8,2.346003696537039,6.22672357619021
2008-10-31,10.333333333333329,16.3,2.395774433185906,7.9375589001474225
2008-11-30,12.581818181818178,20.2,2.445545169834773,10.136273011983405
2008-12-31,13.158333333333317,19.6,2.49531590648364,10.663017426849677
2009-01-31,12.680000000000007,20.6,2.5450866431325068,10.1349133568675
2009-02-28,13.725000000000009,20.8,2.5948573797813594,11.130142620218649
2009-03-31,9.445454545454538,16.9,2.6446281164302263,6.800826429024312
2009-04-30,6.072727272727263,13.5,2.694398853079093,3.37832841964817
2009-05-31,0.6363636363636402,10.4,2.74416958972796,-2.10780595336432
2009-06-30,-0.7499999999999858,7.5,2.793940326376827,-3.5439403263768128
2009-07-31,0.4700000000000131,8.3,2.843711063025694,-2.373711063025681
2009-08-31,-3.318181818181813,4.0,2.8934817996745608,-6.211663617856374
2009-09-30,-2.427272727272751,3.8,2.9432525363234276,-5.370525263596178
2009-10-31,-4.566666666666677,1.4,2.9930232729722945,-7.559689939638972
2009-11-30,-5.11818181818181,2.5,3.0427940096211614,-8.160975827802972
2009-12-31,-2.8416666666666828,3.6,3.0925647462700283,-5.934231412936711
2010-01-31,-3.719999999999999,4.2,3.142335482918895,-6.862335482918894
2010-02-28,-3.0749999999999886,4.0,3.192106219567762,-6.267106219567751
2010-03-31,-2.354545454545459,5.1,3.241876956216629,-5.596422410762088
2010-04-30,-6.527272727272731,0.9,3.291647692865496,-9.818920420138227
2010-05-31,-6.563636363636363,3.2,3.3414184295143627,-9.905054793150725
2010-06-30,-5.949999999999989,2.3,3.3911891661632296,-9.341189166163218
2010-07-31,-3.529999999999987,4.3,3.4409599028120965,-6.970959902812083
2010-08-31,-0.7181818181818045,6.6,3.4907306394609634,-4.208912457642768
2010-09-30,3.972727272727255,10.2,3.5405013761098303,0.4322258966174246
2010-10-31,7.533333333333331,13.5,3.590272112758697,3.9430612205746343
2010-11-30,5.38181818181819,13.0,3.640042849407564,1.7417753324106258
2010-12-31,10.258333333333312,16.7,3.689813586056431,6.568519747276881
2011-01-31,7.680000000000007,15.6,3.739584322705298,3.940415677294709
2011-02-28,,,3.7893550593541647,
2011-03-31,1.845454545454544,9.3,3.8391257960030316,-1.9936712505484877
2011-04-30,,,3.8888965326518985,
2011-05-31,,,3.9386672693007654,
2011-06-30,,,3.9884380059496323,
2011-07-31,,,4.038208742598499,
2011-08-31,1.181818181818187,8.5,4.087979479247366,-2.906161297429179
2011-09-30,1.472727272727255,7.7,4.137750215896233,-2.665022943168978
2011-10-31,6.333333333333329,12.3,4.1875209525451,2.145812380788229
2011-11-30,3.7818181818181813,11.4,4.237291689193967,-0.4554735073757854
2011-12-31,2.4583333333333144,8.9,4.287062425842834,-1.8287290925095192
2012-01-31,8.180000000000007,16.1,4.3368331624917005,3.8431668375083063
2012-02-29,12.625000000000014,19.7,4.386603899140567,8.238396100859447
2012-03-31,14.045454545454533,21.5,4.436374635789434,9.609079909665098
2012-04-30,8.37272727272726,15.8,4.486145372438287,3.8865819002889737
2012-05-31,5.336363636363643,15.1,4.535916109087154,0.8004475272764893
2012-06-30,2.0500000000000114,10.3,4.585686845736021,-2.5356868457360093
2012-07-31,2.8700000000000045,10.7,4.635457582384888,-1.765457582384883
2012-08-31,2.681818181818187,10.0,4.6852283190337545,-2.0034101372155675
2012-09-30,7.972727272727255,14.2,4.734999055682621,3.2377282170446335
2012-10-31,-1.566666666666677,4.4,4.784769792331488,-6.351436458998165
2012-11-30,6.38181818181819,14.0,4.834540528980355,1.5472776528378347
2012-12-31,9.85833333333332,16.3,4.884311265629222,4.974022067704098
2013-01-31,9.379999999999995,17.3,4.934082002278089,4.4459179977219065
2013-02-28,9.825000000000003,16.9,4.983852738926956,4.841147261073047
2013-03-31,6.145454545454541,13.6,5.033623475575823,1.1118310698787184
2013-04-30,6.172727272727258,13.6,5.08339421222469,1.0893330605025682
2013-05-31,3.536363636363646,13.3,5.1331649488735565,-1.5968013125099105
2013-06-30,5.950000000000017,14.2,5.182935685522423,0.7670643144775937
2013-07-31,7.070000000000007,14.9,5.23270642217129,1.8372935778287172
2013-08-31,8.681818181818187,16.0,5.282477158820157,3.39934102299803
2013-09-30,7.672727272727258,13.9,5.332247895469024,2.3404793772582337
2013-10-31,2.933333333333323,8.9,5.382018632117891,-2.448685298784568
2013-11-30,6.38181818181819,14.0,5.431789368766758,0.950028813051432
2013-12-31,5.35833333333332,11.8,5.481560105415625,-0.12322677208230459
2014-01-31,5.980000000000004,13.9,5.5313308420644915,0.44866915793551243
2014-02-28,6.2250000000000085,13.3,5.581101578713358,0.6438984212866501
2014-03-31,-1.5545454545454618,5.9,5.630872315362225,-7.185417769907687
2014-04-30,3.3727272727272606,10.8,5.680643052011092,-2.3079157792838316
2014-05-31,-4.763636363636351,5.0,5.730413788659959,-10.49405015229631
2014-06-30,3.3500000000000085,11.6,5.780184525308826,-2.4301845253088175
2014-07-31,-2.529999999999987,5.3,5.829955261957693,-8.35995526195768
2014-08-31,-9.918181818181807,-2.6,5.87972599860656,-15.797907816788367
2014-09-30,-5.927272727272751,0.3,5.929496735255427,-11.856769462528177
2014-10-31,-11.366666666666674,-5.4,5.9792674719042935,-17.345934138570968
2014-11-30,-7.9181818181818215,-0.3,6.02903820855316,-13.947220026734982
2014-12-31,-2.0416666666666856,4.4,6.078808945202027,-8.120475611868713
2015-01-31,-1.7199999999999989,6.2,6.128579681850894,-7.848579681850893
2015-02-28,-4.574999999999989,2.5,6.178350418499761,-10.75335041849975
2015-03-31,-8.154545454545456,-0.7,6.228121155148628,-14.382666609694084
2015-04-30,,,6.277891891797495,
2015-05-31,,,6.327662628446362,
2015-06-30,,,6.377433365095214,
2015-07-31,,,6.427204101744081,
2015-08-31,,,6.476974838392948,
2015-09-30,,,6.526745575041815,
2015-10-31,,,6.576516311690682,
2015-11-30,,,6.626287048339549,
2015-12-31,,,6.676057784988416,
